{"cursor":"12500","size":15,"audio":[],"currentlang":"en","article":"\n{{Infobox U.S. metropolitan area\n| MSA_name = Portland metropolitan area name = Portland metropolitan area map =\n| Portland metro area.png largest_city = Portland, Oregon (583,776) other_cities\n| = Vancouver (161,791) Gresham (105,594) Hillsboro (91,611) rank_us =\n| 23rd population = 2,289,800 density_mi2 =333 density_km2 = 129 area_mi2 =6,684\n| area_km2 = 17,310 states = Oregon Washington country = United States\n| highest_ft = N/A highest_m = N/A lowest_ft = N/A lowest_m = N/A\n}} The 'Portland metropolitan area' or 'Greater Portland' is a metropolitan area\nin the U.S. states of Oregon and Washington centered around the principal city\nof Portland, Oregon. The U.S. Office of Management and Budget identifies it as\nthe 'Portland-Vancouver-Hillsboro, OR-WA Metropolitan Statistical Area', a\nmetropolitan statistical area used by the United States Census Bureau and other\nentities. The OMB defines the area as comprising Clackamas, Columbia, Multnomah,\nWashington, and Yamhill Counties in Oregon, and Clark and Skamania Counties in\nWashington. The area's population is estimated at 2,289,800 in 2012.\n\nThe Oregon portion of the metropolitan area is the state's largest urban center,\nwhile the Washington portion of the metropolitan area is the state's second\nlargest urban center after Seattle. Portions of\nthis are under the jurisdiction of Metro, a directly elected regional\ngovernment which, among other things, is responsible for land use planning in\nthe region.\n","linknr":768,"url":"Portland_metropolitan_area","recorded":1375692230,"links":["/w/index.php?title=Portland_metropolitan_area&action=edit","/w/index.php?title=Portland_metropolitan_area&action=edit","//bits.wikimedia.org/favicon/wikipedia.ico","/w/opensearch_desc.php","//en.wikipedia.org/w/api.php?action=rsd","//creativecommons.org/licenses/by-sa/3.0/","/w/index.php?title=Special:RecentChanges&feed=atom","http://en.wikipedia.org/wiki/Portland_metropolitan_area","//bits.wikimedia.org/en.wikipedia.org/load.php?debug=false&lang=en&modules=ext.gadget.DRN-wizard%2CReferenceTooltips%2Ccharinsert%2Cteahouse%7Cext.rtlcite%2Cwikihiero%7Cext.uls.nojs%7Cmediawiki.legacy.commonPrint%2Cshared%7Cmw.PopUpMediaTransform%7Cskins.vector&only=styles&skin=vector&*","//bits.wikimedia.org/en.wikipedia.org/load.php?debug=false&lang=en&modules=ext.visualEditor.viewPageTarget.noscript&only=styles&skin=vector&*","//bits.wikimedia.org/en.wikipedia.org/load.php?debug=false&lang=en&modules=site&only=styles&skin=vector&*","//bits.wikimedia.org/en.wikipedia.org/load.php?debug=false&lang=en&modules=startup&only=scripts&skin=vector&*","//bits.wikimedia.org/geoiplookup","//meta.wikimedia.org","#mw-navigation","#p-search","/wiki/Portland,_Maine_metropolitan_area","/wiki/File:Portland_metro_area.png","//upload.wikimedia.org/wikipedia/commons/thumb/6/65/Portland_metro_area.png/200px-Portland_metro_area.png","/wiki/Portland,_Oregon","/wiki/Vancouver,_Washington","/wiki/Gresham,_Oregon","/wiki/Hillsboro,_Oregon","/wiki/List_of_Metropolitan_Statistical_Areas","/wiki/Oregon","/wiki/Washington_(U.S._state)","/wiki/Metropolitan_area","/wiki/U.S._states","/wiki/Oregon","/wiki/Washington_(state)","/wiki/Portland,_Oregon","/wiki/Office_of_Management_and_Budget","/wiki/Metropolitan_statistical_area","/wiki/United_States_Census_Bureau","/wiki/Clackamas_County,_Oregon","/wiki/Columbia_County,_Oregon","/wiki/Multnomah_County,_Oregon","/wiki/Washington_County,_Oregon","/wiki/Yamhill_County,_Oregon","/wiki/Clark_County,_Washington","/wiki/Skamania_County,_Washington","#cite_note-1","/wiki/Seattle","#cite_note-urban_population-2","/wiki/Metro_(Oregon_regional_government)","#cite_note-3","#Metropolitan_statistical_area","#Cities_and_other_communities","#Transportation","#Sports","#References","#External_links","/w/index.php?title=Portland_metropolitan_area&action=edit&section=1","/w/index.php?title=Portland_metropolitan_area&veaction=edit&section=1","/wiki/1960_United_States_Census","/wiki/1970_United_States_Census","/wiki/1980_United_States_Census","/wiki/1990_United_States_Census","/wiki/2000_United_States_Census","/wiki/2010_United_States_Census","http://www.census.gov/prod/www/abs/decennial/","http://www.census.gov/popest/data/cities/totals/2011/tables/SUB-EST2011-03-40.csv","#cite_note-4","#cite_note-5","/wiki/White_American","/wiki/Non-Hispanic_Whites","/wiki/African_American","/wiki/Native_Americans_in_the_United_States","/wiki/Asian_American","/wiki/Chinese_American","/wiki/Vietnamese_American","/wiki/Indian_American","/wiki/Filipino_American","/wiki/Korean_American","/wiki/Japanese_American","/wiki/Pacific_Islander_American","/wiki/Native_Hawaiians","/wiki/Guamanian","/wiki/Chamorro","/wiki/Samoan_American","/wiki/Multiracial_American","/wiki/Hispanic_or_Latino_Americans","/wiki/Mexican_American","/wiki/Spanish_American","/wiki/Guatemalan_American","/wiki/Puerto_Ricans_in_the_United_States","/wiki/Cuban_American","/wiki/Salvadoran_American","/wiki/Peruvian_American","#cite_note-6","/wiki/United_States_metropolitan_area","/wiki/List_of_United_States_metropolitan_statistical_areas_by_population","/wiki/United_States","#cite_note-7","#cite_note-8","/wiki/Oregon","/wiki/Washington_(U.S._state)","/wiki/Multnomah_County,_Oregon","/wiki/Washington_County,_Oregon","/wiki/Clackamas_County,_Oregon","/wiki/Columbia_County,_Oregon","/wiki/Yamhill_County,_Oregon","/wiki/Clark_County,_Washington","/wiki/Skamania_County,_Washington","/wiki/Washington_(U.S._state)","/wiki/Beaverton,_Oregon","/wiki/Gresham,_Oregon","/wiki/Hillsboro,_Oregon","/wiki/Milwaukie,_Oregon","/wiki/Lake_Oswego,_Oregon","/wiki/Oregon_City,_Oregon","/wiki/Fairview,_Oregon","/wiki/Wood_Village,_Oregon","/wiki/Troutdale,_Oregon","/wiki/Tualatin,_Oregon","/wiki/Tigard,_Oregon","/wiki/West_Linn,_Oregon","/wiki/Vancouver,_Washington","/wiki/Camas,_Washington","/wiki/Washougal,_Washington","/wiki/Salem_Metropolitan_Statistical_Area","#cite_note-9","#cite_note-CBSA-10","/wiki/Wikipedia:Please_clarify","#cite_note-CBSA-10","/wiki/House_price_index","/wiki/Case%E2%80%93Shiller_index","/wiki/Standard_%26_Poor%27s","/wiki/Composite_(finance)","/w/index.php?title=Portland_metropolitan_area&action=edit&section=2","/w/index.php?title=Portland_metropolitan_area&veaction=edit&section=2","/wiki/Beaverton,_Oregon","/wiki/Gresham,_Oregon","/wiki/Hillsboro,_Oregon","/wiki/Vancouver,_Washington","/wiki/Cornelius,_Oregon","/wiki/Damascus,_Oregon","/wiki/Fairview,_Oregon","/wiki/Forest_Grove,_Oregon","/wiki/Gladstone,_Oregon","/wiki/King_City,_Oregon","/wiki/Lake_Oswego,_Oregon","/wiki/Milwaukie,_Oregon","/wiki/Oregon_City,_Oregon","/wiki/Sherwood,_Oregon","/wiki/Tigard,_Oregon","/wiki/Troutdale,_Oregon","/wiki/Tualatin,_Oregon","/wiki/West_Linn,_Oregon","/wiki/Wilsonville,_Oregon","/wiki/Wood_Village,_Oregon","/wiki/Battle_Ground,_Washington","/wiki/Camas,_Washington","/wiki/Washougal,_Washington","/wiki/Aloha,_Oregon","/wiki/Beavercreek,_Oregon","/wiki/Cedar_Mill,_Oregon","/wiki/Clackamas,_Oregon","/wiki/Dunthorpe,_Oregon","/wiki/Garden_Home-Whitford,_Oregon","/wiki/Raleigh_Hills,_Oregon","/wiki/West_Slope,_Oregon","/w/index.php?title=Portland_metropolitan_area&action=edit&section=3","/w/index.php?title=Portland_metropolitan_area&veaction=edit&section=3","/wiki/Interstate_84_(Oregon)","/wiki/Interstate_5_(Oregon)","/wiki/Pacific_Northwest","/wiki/Interstate_205_(Oregon-Washington)","/wiki/U.S._Route_26_(Oregon)","/wiki/U.S._Route_30_(Oregon)","/wiki/Oregon_Route_217","/wiki/Oregon_Coast","/wiki/Washington_State_Route_14","/wiki/Columbia_River","/wiki/Camas,_Washington","/wiki/Washougal,_Washington","/wiki/TriMet","/wiki/Sandy_Area_Metro","/wiki/South_Clackamas_Transportation_District","/wiki/Molalla,_Oregon","/wiki/Canby_Area_Transit","/wiki/Canby,_Oregon","/wiki/South_Metro_Area_Regional_Transit","/wiki/C-TRAN_(Washington)","/wiki/Columbia_County,_Oregon","/wiki/St._Helens,_Oregon","/wiki/Scappoose,_Oregon","/wiki/Portland_Community_College","/wiki/Tanasbourne","/wiki/Willow_Creek/Southwest_185th_Avenue_Transit_Center","/wiki/MAX_light_rail","#cite_note-11","/w/index.php?title=Portland_metropolitan_area&action=edit&section=4","/w/index.php?title=Portland_metropolitan_area&veaction=edit&section=4","/wiki/Portland_Trail_Blazers","/wiki/Portland_Timbers","#cite_note-12","/w/index.php?title=Portland_metropolitan_area&action=edit&section=5","/w/index.php?title=Portland_metropolitan_area&veaction=edit&section=5","#cite_ref-1","http://www.whitehouse.gov/omb/bulletins/fy2008/b08-01.pdf","#cite_ref-urban_population_2-0","http://www2.census.gov/geo/ua/ua_list_all.txt","#cite_ref-3","http://www.oregonmetro.gov/index.cfm/go/by.web/id=2948","#cite_ref-4","http://factfinder2.census.gov/faces/tableservices/jsf/pages/productview.xhtml?pid=DEC_10_DP_DPDP1&prodType=table","#cite_ref-5","http://factfinder2.census.gov/faces/tableservices/jsf/pages/productview.xhtml?pid=DEC_10_SF1_QTP10&prodType=table","#cite_ref-6","http://factfinder2.census.gov/faces/tableservices/jsf/pages/productview.xhtml?pid=ACS_10_1YR_DP03&prodType=table","#cite_ref-7","http://www.census.gov/popest/metro/tables/2008/CBSA-EST2008-01.xls","#cite_ref-8","http://www.whitehouse.gov/omb/assets/bulletins/b10-02.pdf","/wiki/United_States_Office_of_Management_and_Budget","#cite_ref-9","http://www.demographia.com/db-porugbmigr.pdf","#cite_ref-CBSA_10-0","#cite_ref-CBSA_10-1","http://www.census.gov/popest/metro/tables/2009/CBSA-EST2009-01.csv","#cite_ref-11","http://www.columbiacountyrider.com/Schedules_Routes.html","#cite_ref-12","http://www.usarugby.org/youth-news/item/high-school-state-championships-gain-rugby-exposure","/w/index.php?title=Portland_metropolitan_area&action=edit&section=6","/w/index.php?title=Portland_metropolitan_area&veaction=edit&section=6","http://www.metro-region.org/","http://www.pdx.edu/sites/www.pdx.edu.prc/files/media_assets/2010_PL94_county_MSA_updated.pdf","http://www.pdx.edu/media/p/r/PRC_2007_Population_Report2_rev.pdf","/wiki/Portland_State_University","/wiki/Template:Oregon","/wiki/Template_talk:Oregon","//en.wikipedia.org/w/index.php?title=Template:Oregon&action=edit","//upload.wikimedia.org/wikipedia/commons/thumb/b/b9/Flag_of_Oregon.svg/23px-Flag_of_Oregon.svg.png","/wiki/U.S._state","/wiki/Oregon","/wiki/Salem,_Oregon","/wiki/Index_of_Oregon-related_articles","/wiki/History_of_Oregon","/wiki/Oregon#Geography","/wiki/Climate_of_Oregon","/wiki/List_of_people_from_Oregon","/wiki/List_of_Governors_of_Oregon","/wiki/Government_of_Oregon","/wiki/United_States_congressional_delegations_from_Oregon","/wiki/Oregon_Constitution","/wiki/United_States_Congressional_Delegations_from_Oregon","/wiki/List_of_Oregon_ballot_measures","/wiki/Elections_in_Oregon","/wiki/List_of_Oregon_state_parks","/wiki/Oregon_State_Fair","/wiki/List_of_Oregon_state_symbols","/wiki/Oregon_Trail","/wiki/List_of_rivers_in_Oregon","/wiki/Lists_of_Oregon-related_topics","/wiki/Culture_of_Oregon","/wiki/Crime_in_Oregon","/wiki/Demographics_of_Oregon","/wiki/Economy_of_Oregon","/wiki/Education_in_Oregon","/wiki/Gambling_in_Oregon","/wiki/Politics_of_Oregon","/wiki/List_of_regions_of_the_United_States#Oregon","/wiki/Cascade_Range","/wiki/Central_Oregon","/wiki/Columbia_River_Gorge","/wiki/Columbia_Plateau","/wiki/Columbia_River","/wiki/Eastern_Oregon","/wiki/Harney_Basin","/wiki/High_Desert_(Oregon)","/wiki/Inland_Empire_(Pacific_Northwest)","/wiki/Mount_Hood_Corridor","/wiki/Oregon_Coast","/wiki/Palouse","/wiki/Rogue_Valley","/wiki/Southern_Oregon","/wiki/Treasure_Valley","/wiki/Tualatin_Valley","/wiki/Western_Oregon","/wiki/Willamette_Valley","/wiki/List_of_incorporated_cities_in_Oregon","/wiki/Bend,_Oregon","/wiki/Redmond,_Oregon","/wiki/Coos_Bay,_Oregon","/wiki/North_Bend,_Oregon","/wiki/Eugene,_Oregon","/wiki/Springfield,_Oregon","/wiki/Medford,_Oregon","/wiki/Ashland,_Oregon","/wiki/Portland,_Oregon","/wiki/Salem,_Oregon","/wiki/Keizer,_Oregon","/wiki/List_of_incorporated_cities_in_Oregon","/wiki/Albany,_Oregon","/wiki/Astoria,_Oregon","/wiki/Baker_City,_Oregon","/wiki/Beaverton,_Oregon","/wiki/Brookings,_Oregon","/wiki/Coos_Bay,_Oregon","/wiki/Corvallis,_Oregon","/wiki/Florence,_Oregon","/wiki/Grants_Pass,_Oregon","/wiki/Gresham,_Oregon","/wiki/Hillsboro,_Oregon","/wiki/Hood_River,_Oregon","/wiki/Independence,_Oregon","/wiki/Klamath_Falls,_Oregon","/wiki/La_Grande,_Oregon","/wiki/Lake_Oswego,_Oregon","/wiki/Lakeview,_Oregon","/wiki/Madras,_Oregon","/wiki/McMinnville,_Oregon","/wiki/Milwaukie,_Oregon","/wiki/Monmouth,_Oregon","/wiki/Newberg,_Oregon","/wiki/Newport,_Oregon","/wiki/Ontario,_Oregon","/wiki/Oregon_City,_Oregon","/wiki/Pendleton,_Oregon","/wiki/Prineville,_Oregon","/wiki/Roseburg,_Oregon","/wiki/Sandy,_Oregon","/wiki/The_Dalles,_Oregon","/wiki/Tigard,_Oregon","/wiki/Tillamook,_Oregon","/wiki/Tualatin,_Oregon","/wiki/Umatilla,_Oregon","/wiki/West_Linn,_Oregon","/wiki/Wilsonville,_Oregon","/wiki/Woodburn,_Oregon","/wiki/List_of_counties_in_Oregon","/wiki/Baker_County,_Oregon","/wiki/Benton_County,_Oregon","/wiki/Clackamas_County,_Oregon","/wiki/Clatsop_County,_Oregon","/wiki/Columbia_County,_Oregon","/wiki/Coos_County,_Oregon","/wiki/Crook_County,_Oregon","/wiki/Curry_County,_Oregon","/wiki/Deschutes_County,_Oregon","/wiki/Douglas_County,_Oregon","/wiki/Gilliam_County,_Oregon","/wiki/Grant_County,_Oregon","/wiki/Harney_County,_Oregon","/wiki/Hood_River_County,_Oregon","/wiki/Jackson_County,_Oregon","/wiki/Jefferson_County,_Oregon","/wiki/Josephine_County,_Oregon","/wiki/Klamath_County,_Oregon","/wiki/Lake_County,_Oregon","/wiki/Lane_County,_Oregon","/wiki/Lincoln_County,_Oregon","/wiki/Linn_County,_Oregon","/wiki/Malheur_County,_Oregon","/wiki/Marion_County,_Oregon","/wiki/Morrow_County,_Oregon","/wiki/Multnomah_County,_Oregon","/wiki/Polk_County,_Oregon","/wiki/Sherman_County,_Oregon","/wiki/Tillamook_County,_Oregon","/wiki/Umatilla_County,_Oregon","/wiki/Union_County,_Oregon","/wiki/Wallowa_County,_Oregon","/wiki/Wasco_County,_Oregon","/wiki/Washington_County,_Oregon","/wiki/Wheeler_County,_Oregon","/wiki/Yamhill_County,_Oregon","/wiki/Template:Washington","/wiki/Template_talk:Washington","//en.wikipedia.org/w/index.php?title=Template:Washington&action=edit","//upload.wikimedia.org/wikipedia/commons/thumb/5/54/Flag_of_Washington.svg/23px-Flag_of_Washington.svg.png","/wiki/U.S._state","/wiki/Washington_(state)","/wiki/Olympia,_Washington","/wiki/Category:Washington_(state)","/wiki/Category:Government_of_Washington_(state)","/wiki/List_of_cities_in_Washington","/wiki/List_of_towns_in_Washington","/wiki/List_of_census-designated_places_in_Washington","/wiki/United_States_congressional_delegations_from_Washington","/wiki/City_government_in_Washington_(state)","/wiki/List_of_federal_lands_in_Washington_(state)","/wiki/List_of_Governors_of_Washington","/wiki/History_of_Washington_(state)","/wiki/Washington_(state)#Geography","/wiki/List_of_people_from_Washington","/wiki/List_of_Washington_initiatives_to_the_legislature","/wiki/List_of_Washington_initiatives_to_the_people","/wiki/Washington_State_Legislature","/wiki/Music_of_Washington_(state)","/wiki/List_of_Washington_state_parks","/wiki/State_highways_in_Washington","/wiki/List_of_Washington_state_symbols","/wiki/Category:Visitor_attractions_in_Washington_(state)","/wiki/Category:Washington_(state)_culture","/wiki/Crime_in_Washington_(state)","/wiki/Demographics_of_Washington","/wiki/Economy_of_Washington_(state)","/wiki/Education_in_Washington","/wiki/Washington_(state)#Politics","/wiki/Regions_of_the_United_States#Washington","/wiki/Western_Washington","/wiki/Kitsap_Peninsula","/wiki/Long_Beach_Peninsula","/wiki/Olympic_Peninsula","/wiki/Puget_Sound_region","/wiki/San_Juan_Islands","/wiki/Skagit_Valley","/wiki/Eastern_Washington","/wiki/Inland_Northwest_(United_States)","/wiki/Central_Washington","/wiki/Columbia_Plateau","/wiki/Methow_River","/wiki/Okanagan_Country","/wiki/Palouse","/wiki/Yakima_River","/wiki/Cascade_Range","/wiki/Columbia_River_Gorge","/wiki/Columbia_River","/wiki/List_of_cities_in_Washington","/wiki/Seattle","/wiki/Spokane,_Washington","/wiki/Tacoma,_Washington","/wiki/Vancouver,_Washington","/wiki/Bellevue,_Washington","/wiki/Kent,_Washington","/wiki/Everett,_Washington","/wiki/Renton,_Washington","/wiki/Yakima,_Washington","/wiki/Federal_Way,_Washington","/wiki/Spokane_Valley,_Washington","/wiki/Bellingham,_Washington","/wiki/Kennewick,_Washington","/wiki/Auburn,_Washington","/wiki/Pasco,_Washington","/wiki/Marysville,_Washington","/wiki/Lakewood,_Washington","/wiki/Redmond,_Washington","/wiki/Shoreline,_Washington","/wiki/Kirkland,_Washington","/wiki/Richland,_Washington","/wiki/Olympia,_Washington","/wiki/Sammamish,_Washington","/wiki/Lacey,_Washington","/wiki/Edmonds,_Washington","/wiki/Seattle_metropolitan_area","/wiki/Spokane_metropolitan_area","/wiki/Tri-Cities,_Washington","/wiki/Wenatchee_%E2%80%93_East_Wenatchee_metropolitan_area","/wiki/Portland,_Oregon_metropolitan_area","/wiki/List_of_counties_in_Washington","/wiki/Adams_County,_Washington","/wiki/Asotin_County,_Washington","/wiki/Benton_County,_Washington","/wiki/Chelan_County,_Washington","/wiki/Clallam_County,_Washington","/wiki/Clark_County,_Washington","/wiki/Columbia_County,_Washington","/wiki/Cowlitz_County,_Washington","/wiki/Douglas_County,_Washington","/wiki/Ferry_County,_Washington","/wiki/Franklin_County,_Washington","/wiki/Garfield_County,_Washington","/wiki/Grant_County,_Washington","/wiki/Grays_Harbor_County,_Washington","/wiki/Island_County,_Washington","/wiki/Jefferson_County,_Washington","/wiki/King_County,_Washington","/wiki/Kitsap_County,_Washington","/wiki/Kittitas_County,_Washington","/wiki/Klickitat_County,_Washington","/wiki/Lewis_County,_Washington","/wiki/Lincoln_County,_Washington","/wiki/Mason_County,_Washington","/wiki/Okanogan_County,_Washington","/wiki/Pacific_County,_Washington","/wiki/Pend_Oreille_County,_Washington","/wiki/Pierce_County,_Washington","/wiki/San_Juan_County,_Washington","/wiki/Skagit_County,_Washington","/wiki/Skamania_County,_Washington","/wiki/Snohomish_County,_Washington","/wiki/Spokane_County,_Washington","/wiki/Stevens_County,_Washington","/wiki/Thurston_County,_Washington","/wiki/Wahkiakum_County,_Washington","/wiki/Walla_Walla_County,_Washington","/wiki/Whatcom_County,_Washington","/wiki/Whitman_County,_Washington","/wiki/Yakima_County,_Washington","/wiki/Washington_state_legislative_districts","/wiki/Washington%27s_1st_legislative_district","/wiki/Washington%27s_2nd_legislative_district","/wiki/Washington%27s_3rd_legislative_district","/wiki/Washington%27s_4th_legislative_district","/wiki/Washington%27s_5th_legislative_district","/wiki/Washington%27s_6th_legislative_district","/wiki/Washington%27s_7th_legislative_district","/wiki/Washington%27s_8th_legislative_district","/wiki/Washington%27s_9th_legislative_district","/wiki/Washington%27s_10th_legislative_district","/wiki/Washington%27s_11th_legislative_district","/wiki/Washington%27s_12th_legislative_district","/wiki/Washington%27s_13th_legislative_district","/wiki/Washington%27s_14th_legislative_district","/wiki/Washington%27s_15th_legislative_district","/wiki/Washington%27s_16th_legislative_district","/wiki/Washington%27s_17th_legislative_district","/wiki/Washington%27s_18th_legislative_district","/wiki/Washington%27s_19th_legislative_district","/wiki/Washington%27s_20th_legislative_district","/wiki/Washington%27s_21st_legislative_district","/wiki/Washington%27s_22nd_legislative_district","/wiki/Washington%27s_23rd_legislative_district","/wiki/Washington%27s_24th_legislative_district","/wiki/Washington%27s_25th_legislative_district","/wiki/Washington%27s_26th_legislative_district","/wiki/Washington%27s_27th_legislative_district","/wiki/Washington%27s_28th_legislative_district","/wiki/Washington%27s_29th_legislative_district","/wiki/Washington%27s_30th_legislative_district","/wiki/Washington%27s_31st_legislative_district","/wiki/Washington%27s_32nd_legislative_district","/wiki/Washington%27s_33rd_legislative_district","/wiki/Washington%27s_34th_legislative_district","/wiki/Washington%27s_35th_legislative_district","/wiki/Washington%27s_36th_legislative_district","/wiki/Washington%27s_37th_legislative_district","/wiki/Washington%27s_38th_legislative_district","/wiki/Washington%27s_39th_legislative_district","/wiki/Washington%27s_40th_legislative_district","/wiki/Washington%27s_41st_legislative_district","/wiki/Washington%27s_42nd_legislative_district","/wiki/Washington%27s_43rd_legislative_district","/wiki/Washington%27s_44th_legislative_district","/wiki/Washington%27s_45th_legislative_district","/wiki/Washington%27s_46th_legislative_district","/wiki/Washington%27s_47th_legislative_district","/wiki/Washington%27s_48th_legislative_district","/wiki/Washington%27s_49th_legislative_district","/wiki/Template:Portland_Freeways","/wiki/Template_talk:Portland_Freeways","//en.wikipedia.org/w/index.php?title=Template:Portland_Freeways&action=edit","/wiki/Interstate_5_in_Oregon","/wiki/Interstate_84_in_Oregon","/wiki/Sunset_Highway_(Oregon)","/wiki/U.S._Route_26_in_Oregon","/wiki/Washington_State_Route_14","/wiki/U.S._Route_30_in_Oregon","/wiki/Interstate_205_(Oregon%E2%80%93Washington)","/wiki/Interstate_405_(Oregon)","/wiki/Oregon_Route_217","/wiki/Washington_State_Route_500","/wiki/Interstate_Bridge","/wiki/Glenn_L._Jackson_Memorial_Bridge","/wiki/Fremont_Bridge_(Portland)","/wiki/Marquam_Bridge","/wiki/Abernethy_Bridge","/wiki/Boone_Bridge_(Oregon)","/wiki/Template:Portland_Transit","/wiki/Template_talk:Portland_Transit","//en.wikipedia.org/w/index.php?title=Template:Portland_Transit&action=edit","/wiki/Public_transport","/wiki/TriMet","/wiki/List_of_TriMet_transit_centers","/wiki/C-TRAN_(Washington)","/wiki/List_of_C-TRAN_(Washington)_Bus_Routes","/wiki/Canby_Area_Transit","/wiki/Mountain_Express_Bus_(Oregon)","/wiki/Sandy_Area_Metro","/wiki/South_Clackamas_Transportation_District","/wiki/South_Metro_Area_Regional_Transit","/wiki/MAX_Light_Rail","/wiki/MAX_Blue_Line","/wiki/MAX_Green_Line","/wiki/MAX_Red_Line","/wiki/MAX_Yellow_Line","/wiki/MAX_Orange_Line","/wiki/List_of_MAX_Light_Rail_stations","/wiki/Portland_Streetcar","/wiki/Westside_Express_Service","/wiki/Transportation_in_Portland,_Oregon","/wiki/Portland_Aerial_Tram","/wiki/Fareless_Square","/wiki/Portland_Transit_Mall","/wiki/Union_Station_(Portland,_Oregon)","/wiki/Portland%E2%80%93Milwaukie_Light_Rail_Bridge","/wiki/Portland_Vintage_Trolley","/wiki/Willamette_Shore_Trolley","/wiki/I-205_Transitway","/wiki/Metro_(Oregon_regional_government)","/wiki/Template:USLargestMetros","/wiki/Template_talk:USLargestMetros","//en.wikipedia.org/w/index.php?title=Template:USLargestMetros&action=edit","/wiki/Metropolitan_Statistical_Area","/wiki/United_States","/wiki/Puerto_Rico","/wiki/New_York-Newark-Jersey_City,_NY-NJ-PA_Metropolitan_Statistical_Area","/wiki/Los_Angeles-Long_Beach-Anaheim,_CA_Metropolitan_Statistical_Area","/wiki/Chicago-Naperville-Elgin,_IL-IN-WI_Metropolitan_Statistical_Area","/wiki/Dallas-Fort_Worth-Arlington,_TX_Metropolitan_Statistical_Area","/wiki/Houston-The_Woodlands-Sugar_Land,_TX_Metropolitan_Statistical_Area","/wiki/Philadelphia-Camden-Wilmington,_PA-NJ-DE-MD_Metropolitan_Statistical_Area","/wiki/Washington-Arlington-Alexandria,_DC-VA-MD-WV_Metropolitan_Statistical_Area","/wiki/Miami-Fort_Lauderdale-West_Palm_Beach,_FL_Metropolitan_Statistical_Area","/wiki/Atlanta-Sandy_Springs-Roswell,_GA_Metropolitan_Statistical_Area","/wiki/Boston-Cambridge-Newton,_MA-NH_Metropolitan_Statistical_Area","/wiki/San_Francisco-Oakland-Hayward,_CA_Metropolitan_Statistical_Area","/wiki/Riverside-San_Bernardino-Ontario,_CA_Metropolitan_Statistical_Area","/wiki/Phoenix-Mesa-Scottsdale,_AZ_Metropolitan_Statistical_Area","/wiki/Detroit-Warren-Dearborn,_MI_Metropolitan_Statistical_Area","/wiki/Seattle-Tacoma-Bellevue,_WA_Metropolitan_Statistical_Area","/wiki/Minneapolis-St._Paul-Bloomington,_MN-WI_Metropolitan_Statistical_Area","/wiki/San_Diego-Carlsbad,_CA_Metropolitan_Statistical_Area","/wiki/Tampa-St._Petersburg-Clearwater,_FL_Metropolitan_Statistical_Area","/wiki/St._Louis,_MO-IL_Metropolitan_Statistical_Area","/wiki/Baltimore-Columbia-Towson,_MD_Metropolitan_Statistical_Area","/wiki/Denver-Aurora-Lakewood,_CO_Metropolitan_Statistical_Area","/wiki/Pittsburgh,_PA_Metropolitan_Statistical_Area","/wiki/San_Juan-Carolina-Caguas,_PR_Metropolitan_Statistical_Area","/wiki/Charlotte-Concord-Gastonia,_NC-SC_Metropolitan_Statistical_Area","/wiki/Portland-Vancouver-Hillsboro,_OR-WA_Metropolitan_Statistical_Area","/wiki/San_Antonio-New_Braunfels,_TX_Metropolitan_Statistical_Area","/wiki/Orlando-Kissimmee-Sanford,_FL_Metropolitan_Statistical_Area","/wiki/Sacramento%E2%80%93Roseville%E2%80%93Arden-Arcade,_CA_Metropolitan_Statistical_Area","/wiki/Cincinnati,_OH-KY-IN_Metropolitan_Statistical_Area","/wiki/Cleveland-Elyria,_OH_Metropolitan_Statistical_Area","/wiki/Kansas_City,_MO-KS_Metropolitan_Statistical_Area","/wiki/Las_Vegas-Henderson-Paradise,_NV_Metropolitan_Statistical_Area","/wiki/Columbus,_OH_Metropolitan_Statistical_Area","/wiki/Indianapolis-Carmel-Anderson,_IN_Metropolitan_Statistical_Area","/wiki/San_Jose-Sunnyvale-Santa_Clara,_CA_Metropolitan_Statistical_Area","/wiki/Austin-Round_Rock,_TX_Metropolitan_Statistical_Area","/wiki/Nashville-Davidson%E2%80%93Murfreesboro%E2%80%93Franklin,_TN_Metropolitan_Statistical_Area","/wiki/Virginia_Beach-Norfolk-Newport_News,_VA-NC_Metropolitan_Statistical_Area","/wiki/Providence-Warwick,_RI-MA_Metropolitan_Statistical_Area","/wiki/Milwaukee-Waukesha-West_Allis,_WI_Metropolitan_Statistical_Area","/wiki/Jacksonville,_FL_Metropolitan_Statistical_Area","/wiki/Memphis,_TN-MS-AR_Metropolitan_Statistical_Area","/wiki/Oklahoma_City_metropolitan_area","/wiki/Louisville/Jefferson_County,_KY-IN_Metropolitan_Statistical_Area","/wiki/Richmond,_VA_Metropolitan_Statistical_Area","/wiki/New_Orleans-Metairie,_LA_Metropolitan_Statistical_Area","/wiki/Hartford-West_Hartford-East_Hartford,_CT_Metropolitan_Statistical_Area","/wiki/Raleigh,_NC_Metropolitan_Statistical_Area","/wiki/Birmingham-Hoover,_AL_Metropolitan_Statistical_Area","/wiki/Buffalo-Cheektowaga-Niagara_Falls,_NY_Metropolitan_Statistical_Area","/wiki/Salt_Lake_City,_UT_Metropolitan_Statistical_Area","/wiki/Rochester,_NY_Metropolitan_Statistical_Area","/wiki/Grand_Rapids-Wyoming,_MI_Metropolitan_Statistical_Area","/wiki/Tucson,_AZ_Metropolitan_Statistical_Area","/wiki/Urban_Honolulu,_HI_Metropolitan_Statistical_Area","/wiki/Tulsa,_OK_Metropolitan_Statistical_Area","/wiki/Fresno,_CA_Metropolitan_Statistical_Area","/wiki/Bridgeport-Stamford-Norwalk,_CT_Metropolitan_Statistical_Area","/wiki/Worcester,_MA-CT_Metropolitan_Statistical_Area","/wiki/Albuquerque,_NM_Metropolitan_Statistical_Area","/wiki/Omaha-Council_Bluffs,_NE-IA_Metropolitan_Statistical_Area","/wiki/Albany-Schenectady-Troy,_NY_Metropolitan_Statistical_Area","/wiki/New_Haven-Milford,_CT_Metropolitan_Statistical_Area","/wiki/Bakersfield,_CA_Metropolitan_Statistical_Area","/wiki/Knoxville,_TN_Metropolitan_Statistical_Area","/wiki/Greenville-Anderson-Mauldin,_SC_Metropolitan_Statistical_Area","/wiki/Oxnard-Thousand_Oaks-Ventura,_CA_Metropolitan_Statistical_Area","/wiki/El_Paso,_TX_Metropolitan_Statistical_Area","/wiki/Allentown-Bethlehem-Easton,_PA-NJ_Metropolitan_Statistical_Area","/wiki/Baton_Rouge,_LA_Metropolitan_Statistical_Area","/wiki/McAllen-Edinburg-Mission,_TX_Metropolitan_Statistical_Area","/wiki/Dayton,_OH_Metropolitan_Statistical_Area","/wiki/Columbia,_SC_Metropolitan_Statistical_Area","/wiki/Greensboro-High_Point,_NC_Metropolitan_Statistical_Area","/wiki/Sarasota_metropolitan_area","/wiki/Little_Rock-North_Little_Rock-Conway,_AR_Metropolitan_Statistical_Area","/wiki/Stockton-Lodi,_CA_Metropolitan_Statistical_Area","/wiki/Akron,_OH_Metropolitan_Statistical_Area","/wiki/Charleston-North_Charleston,_SC_Metropolitan_Statistical_Area","/wiki/Colorado_Springs,_CO_Metropolitan_Statistical_Area","/wiki/Syracuse,_NY_Metropolitan_Statistical_Area","/wiki/Winston-Salem,_NC_Metropolitan_Statistical_Area","/wiki/Cape_Coral-Fort_Myers,_FL_Metropolitan_Statistical_Area","/wiki/Boise_City,_ID_Metropolitan_Statistical_Area","/wiki/Wichita,_KS_Metropolitan_Statistical_Area","/wiki/Springfield,_MA_Metropolitan_Statistical_Area","/wiki/Madison,_WI_Metropolitan_Statistical_Area","/wiki/Lakeland-Winter_Haven,_FL_Metropolitan_Statistical_Area","/wiki/Ogden-Clearfield,_UT_Metropolitan_Statistical_Area","/wiki/Toledo,_OH_Metropolitan_Statistical_Area","/wiki/Deltona-Daytona_Beach-Ormond_Beach,_FL_Metropolitan_Statistical_Area","/wiki/Des_Moines-West_Des_Moines,_IA_Metropolitan_Statistical_Area","/wiki/Jackson,_MS_Metropolitan_Statistical_Area","/wiki/Augusta-Richmond_County,_GA-SC_Metropolitan_Statistical_Area","/wiki/Scranton%E2%80%93Wilkes-Barre%E2%80%93Hazleton,_PA_Metropolitan_Statistical_Area","/wiki/Youngstown-Warren-Boardman,_OH-PA_Metropolitan_Statistical_Area","/wiki/Harrisburg-Carlisle,_PA_Metropolitan_Statistical_Area","/wiki/Provo-Orem,_UT_Metropolitan_Statistical_Area","/wiki/Palm_Bay-Melbourne-Titusville,_FL_Metropolitan_Statistical_Area","/wiki/Chattanooga,_TN-GA_Metropolitan_Statistical_Area","/wiki/United_States_Census_Bureau","/wiki/List_of_United_States_core_based_statistical_areas","/wiki/Geographic_coordinate_system","//tools.wmflabs.org/geohack/geohack.php?pagename=Portland_metropolitan_area&params=45.5_N_-122.65_E_type:landmark_region:US-OR_scale:1000000","//en.wikipedia.org/w/index.php?title=Special:CentralAutoLogin/start&type=1x1&from=enwiki","http://en.wikipedia.org/w/index.php?title=Portland_metropolitan_area&oldid=558987492","/wiki/Help:Categories","/wiki/Category:Portland,_Oregon","/wiki/Category:Portland_metropolitan_area","/wiki/Category:Geography_of_Portland,_Oregon","/wiki/Category:Regions_of_Oregon","/wiki/Category:Regions_of_Washington_(state)","/wiki/Category:Metropolitan_areas_of_Oregon","/wiki/Category:Metropolitan_areas_of_Washington_(state)","/wiki/Category:Wikipedia_articles_needing_clarification_from_February_2010","/w/index.php?title=Special:UserLogin&returnto=Portland+metropolitan+area&type=signup","/w/index.php?title=Special:UserLogin&returnto=Portland+metropolitan+area","/wiki/Portland_metropolitan_area","/wiki/Talk:Portland_metropolitan_area","#","/wiki/Portland_metropolitan_area","/w/index.php?title=Portland_metropolitan_area&action=edit","/w/index.php?title=Portland_metropolitan_area&veaction=edit","/w/index.php?title=Portland_metropolitan_area&action=history","#","/w/index.php","//bits.wikimedia.org/static-1.22wmf12/skins/vector/images/search-ltr.png?303-4","/wiki/Main_Page","/wiki/Main_Page","/wiki/Portal:Contents","/wiki/Portal:Featured_content","/wiki/Portal:Current_events","/wiki/Special:Random","https://donate.wikimedia.org/wiki/Special:FundraiserRedirector?utm_source=donate&utm_medium=sidebar&utm_campaign=C13_en.wikipedia.org&uselang=en","/wiki/Help:Contents","/wiki/Wikipedia:About","/wiki/Wikipedia:Community_portal","/wiki/Special:RecentChanges","//en.wikipedia.org/wiki/Wikipedia:Contact_us","/wiki/Special:WhatLinksHere/Portland_metropolitan_area","/wiki/Special:RecentChangesLinked/Portland_metropolitan_area","/wiki/Wikipedia:File_Upload_Wizard","/wiki/Special:SpecialPages","/w/index.php?title=Portland_metropolitan_area&oldid=558987492","/w/index.php?title=Portland_metropolitan_area&action=info","//www.wikidata.org/wiki/Q4382066","/w/index.php?title=Special:Cite&page=Portland_metropolitan_area&id=558987492","/w/index.php?title=Special:Book&bookcmd=book_creator&referer=Portland+metropolitan+area","/w/index.php?title=Special:Book&bookcmd=render_article&arttitle=Portland+metropolitan+area&oldid=558987492&writer=rl","/w/index.php?title=Portland_metropolitan_area&printable=yes","//es.wikipedia.org/wiki/%C3%81rea_metropolitana_de_Portland","//ja.wikipedia.org/wiki/%E3%83%9D%E3%83%BC%E3%83%88%E3%83%A9%E3%83%B3%E3%83%89%E9%83%BD%E5%B8%82%E5%9C%8F","//vi.wikipedia.org/wiki/V%C3%B9ng_%C4%91%C3%B4_th%E1%BB%8B_Portland","#","//www.wikidata.org/wiki/Q4382066#sitelinks-wikipedia","//en.wikipedia.org/wiki/Wikipedia:Text_of_Creative_Commons_Attribution-ShareAlike_3.0_Unported_License","//creativecommons.org/licenses/by-sa/3.0/","//wikimediafoundation.org/wiki/Terms_of_Use","//wikimediafoundation.org/wiki/Privacy_policy","//www.wikimediafoundation.org/","//wikimediafoundation.org/wiki/Privacy_policy","/wiki/Wikipedia:About","/wiki/Wikipedia:General_disclaimer","//en.wikipedia.org/wiki/Wikipedia:Contact_us","//en.m.wikipedia.org/wiki/Portland_metropolitan_area","//wikimediafoundation.org/","//bits.wikimedia.org/images/wikimedia-button.png","//www.mediawiki.org/","//bits.wikimedia.org/static-1.22wmf12/skins/common/images/poweredby_mediawiki_88x31.png","//bits.wikimedia.org/en.wikipedia.org/load.php?debug=false&lang=en&modules=site&only=scripts&skin=vector&*"],"instances":["washington","finance","oregon","oregon","oregon","oregon_regional_government","oregon"],"pdf":["http://www.whitehouse.gov/omb/bulletins/fy2008/b08-01.pdf","http://www.whitehouse.gov/omb/assets/bulletins/b10-02.pdf","http://www.demographia.com/db-porugbmigr.pdf","http://www.pdx.edu/sites/www.pdx.edu.prc/files/media_assets/2010_PL94_county_MSA_updated.pdf","http://www.pdx.edu/media/p/r/PRC_2007_Population_Report2_rev.pdf"],"categories":["Portland, Oregon|","Portland metropolitan area|","Geography of Portland, Oregon|","Regions of Oregon","Regions of Washington (state)","Metropolitan areas of Oregon","Metropolitan areas of Washington (state)"],"headings":["Metropolitan statistical area","Cities and other communities","Transportation","Sports","References","External links"],"image":["//upload.wikimedia.org/wikipedia/commons/thumb/6/65/Portland_metro_area.png/200px-Portland_metro_area.png","//upload.wikimedia.org/wikipedia/commons/thumb/b/b9/Flag_of_Oregon.svg/23px-Flag_of_Oregon.svg.png","//upload.wikimedia.org/wikipedia/commons/thumb/5/54/Flag_of_Washington.svg/23px-Flag_of_Washington.svg.png","//en.wikipedia.org/w/index.php?title=Special:CentralAutoLogin/start&type=1x1&from=enwiki","//bits.wikimedia.org/static-1.22wmf12/skins/vector/images/search-ltr.png?303-4","//bits.wikimedia.org/images/wikimedia-button.png","//bits.wikimedia.org/static-1.22wmf12/skins/common/images/poweredby_mediawiki_88x31.png"],"tags":[["washington","u.s._state"],["washington","state"],["metro","oregon_regional_government"],["washington","u.s._state"],["washington","u.s._state"],["composite","finance"],["interstate_84","oregon"],["interstate_5","oregon"],["interstate_205","oregon-washington"],["u.s._route_26","oregon"],["u.s._route_30","oregon"],["c-tran","washington"]],"members":["composite","interstate_5","washington","interstate_205","metro","interstate_84"],"related":["Portland,_Oregon","Vancouver,_Washington","Gresham,_Oregon","Hillsboro,_Oregon","Oregon","Washington_(U.S._state)","Metropolitan_area","U.S._states","Oregon","Washington_(state)","Portland,_Oregon","Office_of_Management_and_Budget","Metropolitan_statistical_area","United_States_Census_Bureau","Clackamas_County,_Oregon","Columbia_County,_Oregon","Multnomah_County,_Oregon","Washington_County,_Oregon","Yamhill_County,_Oregon","Clark_County,_Washington","Skamania_County,_Washington","Seattle","Metro_(Oregon_regional_government)","White_American","Non-Hispanic_Whites","African_American","Native_Americans_in_the_United_States","Asian_American","Chinese_American","Vietnamese_American","Indian_American","Filipino_American","Korean_American","Japanese_American","Pacific_Islander_American","Native_Hawaiians_","Guamanian","Chamorro","Samoan_American","Multiracial_American","Hispanic_or_Latino_Americans","Mexican_American","Spanish_American","Guatemalan_American","Puerto_Ricans_in_the_United_States","Cuban_American","Salvadoran_American","Peruvian_American","United_States_metropolitan_area","List_of_United_States_metropolitan_statistical_areas_by_population","United_States","Oregon","Washington_(U.S._state)","Multnomah_County,_Oregon","Washington_County,_Oregon","Clackamas_County,_Oregon","Columbia_County,_Oregon","Yamhill_County,_Oregon","Clark_County,_Washington","Skamania_County,_Washington","Washington_(U.S._state)","Beaverton,_Oregon","Gresham,_Oregon","Hillsboro,_Oregon","Milwaukie,_Oregon","Lake_Oswego,_Oregon","Oregon_City,_Oregon","Fairview,_Oregon","Wood_Village,_Oregon","Troutdale,_Oregon","Tualatin,_Oregon","Tigard,_Oregon","West_Linn,_Oregon","Vancouver,_Washington","Camas,_Washington","Washougal,_Washington","Salem_Metropolitan_Statistical_Area","House_price_index","Case–Shiller_index","Standard_&_Poor's","Composite_(finance)","Beaverton,_Oregon","Gresham,_Oregon","Hillsboro,_Oregon","Vancouver,_Washington","Cornelius,_Oregon","Damascus,_Oregon","Fairview,_Oregon","Forest_Grove,_Oregon","Gladstone,_Oregon","King_City,_Oregon","Lake_Oswego,_Oregon","Milwaukie,_Oregon","Oregon_City,_Oregon","Sherwood,_Oregon","Tigard,_Oregon","Troutdale,_Oregon","Tualatin,_Oregon","West_Linn,_Oregon","Wilsonville,_Oregon","Wood_Village,_Oregon","Battle_Ground,_Washington","Camas,_Washington","Washougal,_Washington","Aloha,_Oregon","Beavercreek,_Oregon","Cedar_Mill,_Oregon","Clackamas,_Oregon","Dunthorpe,_Oregon","Garden_Home-Whitford,_Oregon","Raleigh_Hills,_Oregon","West_Slope,_Oregon","Interstate_84_(Oregon)","Interstate_5_(Oregon)","Pacific_Northwest","Interstate_205_(Oregon-Washington)","U.S._Route_26_(Oregon)","U.S._Route_30_(Oregon)","Oregon_Route_217","Oregon_Coast","Washington_State_Route_14","Columbia_River","Camas,_Washington","Washougal,_Washington","TriMet","Sandy_Area_Metro","South_Clackamas_Transportation_District","Molalla,_Oregon","Canby_Area_Transit","Canby,_Oregon","South_Metro_Area_Regional_Transit","C-TRAN_(Washington)","Columbia_County,_Oregon","St._Helens,_Oregon","Scappoose,_Oregon","Portland_Community_College","Tanasbourne","Willow_Creek/Southwest_185th_Avenue_Transit_Center","MAX_light_rail","Portland_Trail_Blazers","Portland_Timbers","Portland_State_University"]}