{"cursor":"1437","size":15,"audio":[],"currentlang":"en","article":"{{Infobox French commune |name = Sainte-Foy-la-Grande |image = Sainte-Foy4.jpg\n|region = Aquitaine |department = Gironde |arrondissement = Libourne |canton =\nSainte-Foy-la-Grande |INSEE = 33402 |postal code = 33220 |mayor = Robert Provain\n|term = 2008–2014 |intercommunality = Pays Foyen |longitude = 0.2181\n|latitude = 44.8411 |elevation min m = 7 |elevation max m = 20 |area km2 = 0.5\n|population = 2550 |population date = 2008 }}\n\n'Sainte-Foy-la-Grande' is a commune in the Gironde department in Aquitaine in\nsouthwestern France.\n","linknr":709,"url":"Sainte-Foy-la-Grande","recorded":1375692469,"links":["/w/index.php?title=Sainte-Foy-la-Grande&action=edit","/w/index.php?title=Sainte-Foy-la-Grande&action=edit","//bits.wikimedia.org/favicon/wikipedia.ico","/w/opensearch_desc.php","//en.wikipedia.org/w/api.php?action=rsd","//creativecommons.org/licenses/by-sa/3.0/","/w/index.php?title=Special:RecentChanges&feed=atom","http://en.wikipedia.org/wiki/Sainte-Foy-la-Grande","//bits.wikimedia.org/en.wikipedia.org/load.php?debug=false&lang=en&modules=ext.gadget.DRN-wizard%2CReferenceTooltips%2Ccharinsert%2Cteahouse%7Cext.rtlcite%2Cwikihiero%7Cext.uls.nojs%7Cmediawiki.legacy.commonPrint%2Cshared%7Cmw.PopUpMediaTransform%7Cskins.vector&only=styles&skin=vector&*","//bits.wikimedia.org/en.wikipedia.org/load.php?debug=false&lang=en&modules=ext.visualEditor.viewPageTarget.noscript&only=styles&skin=vector&*","//bits.wikimedia.org/en.wikipedia.org/load.php?debug=false&lang=en&modules=site&only=styles&skin=vector&*","//bits.wikimedia.org/en.wikipedia.org/load.php?debug=false&lang=en&modules=startup&only=scripts&skin=vector&*","//bits.wikimedia.org/geoiplookup","//meta.wikimedia.org","#mw-navigation","#p-search","/wiki/File:Sainte-Foy4.jpg","//upload.wikimedia.org/wikipedia/commons/thumb/a/aa/Sainte-Foy4.jpg/187px-Sainte-Foy4.jpg","/wiki/File:France_location_map-Regions_and_departements.svg","//upload.wikimedia.org/wikipedia/commons/thumb/3/3b/France_location_map-Regions_and_departements.svg/270px-France_location_map-Regions_and_departements.svg.png","//upload.wikimedia.org/wikipedia/en/thumb/0/0c/Red_pog.svg/6px-Red_pog.svg.png","/wiki/File:442x556-Carte-R%C3%A9gion-Aquitaine-A2.jpg","//upload.wikimedia.org/wikipedia/commons/thumb/d/d8/442x556-Carte-R%C3%A9gion-Aquitaine-A2.jpg/270px-442x556-Carte-R%C3%A9gion-Aquitaine-A2.jpg","//upload.wikimedia.org/wikipedia/en/thumb/0/0c/Red_pog.svg/6px-Red_pog.svg.png","/wiki/Regions_of_France","/wiki/Aquitaine","/wiki/Departments_of_France","/wiki/Gironde","/wiki/Arrondissements_of_France","/wiki/Arrondissement_of_Libourne","/wiki/Cantons_of_France","/wiki/Communes_of_France#Intercommunality","/wiki/Demographics_of_France","/wiki/INSEE_code","http://recensement.insee.fr/searchResults.action?zoneSearchField=&codeZone=33402-COM","/wiki/Postal_codes_in_France","/wiki/Population_without_double_counting","/wiki/Geographic_coordinate_system","//tools.wmflabs.org/geohack/geohack.php?pagename=Sainte-Foy-la-Grande&params=44.8411_N_0.2181_E_region:FR-33_type:city(2550)","/wiki/Communes_of_France","/wiki/Gironde","/wiki/Departments_of_France","/wiki/Aquitaine","/wiki/France","#Population","#Notable_natives_and_residents","#See_also","#References","/w/index.php?title=Sainte-Foy-la-Grande&action=edit&section=1","/w/index.php?title=Sainte-Foy-la-Grande&veaction=edit&section=1","/w/index.php?title=Sainte-Foy-la-Grande&action=edit&section=2","/w/index.php?title=Sainte-Foy-la-Grande&veaction=edit&section=2","/wiki/Paul_Broca","/wiki/Surgery","/wiki/Anthropologist","/wiki/%C3%89lis%C3%A9e_Reclus","/wiki/Geographer","/wiki/Anarchist","/wiki/On%C3%A9sime_Reclus","/w/index.php?title=Sainte-Foy-la-Grande&action=edit&section=3","/w/index.php?title=Sainte-Foy-la-Grande&veaction=edit&section=3","/wiki/Communes_of_the_Gironde_department","/w/index.php?title=Sainte-Foy-la-Grande&action=edit&section=4","/w/index.php?title=Sainte-Foy-la-Grande&veaction=edit&section=4","http://www.insee.fr/en/home/home_page.asp","//upload.wikimedia.org/wikipedia/en/thumb/4/4a/Commons-logo.svg/30px-Commons-logo.svg.png","//commons.wikimedia.org/wiki/Category:Sainte-Foy-la-Grande","/wiki/Template:Gironde_communes","/wiki/Template_talk:Gironde_communes","//en.wikipedia.org/w/index.php?title=Template:Gironde_communes&action=edit","/wiki/Communes_of_the_Gironde_department","/wiki/Gironde","/wiki/File:Flag_of_France.svg","//upload.wikimedia.org/wikipedia/en/thumb/c/c3/Flag_of_France.svg/17px-Flag_of_France.svg.png","/wiki/Abzac,_Gironde","/wiki/Aillas","/wiki/Ambar%C3%A8s-et-Lagrave","/wiki/Amb%C3%A8s","/wiki/Andernos-les-Bains","/wiki/Anglade","/wiki/Arbanats","/wiki/Arbis","/wiki/Arcachon","/wiki/Arcins","/wiki/Ar%C3%A8s","/wiki/Arsac","/wiki/Les_Artigues-de-Lussac","/wiki/Artigues-pr%C3%A8s-Bordeaux","/wiki/Arveyres","/wiki/Asques,_Gironde","/wiki/Aubiac,_Gironde","/wiki/Aubie-et-Espessas","/wiki/Audenge","/wiki/Auriolles","/wiki/Auros","/wiki/Avensan","/wiki/Ayguemorte-les-Graves","/wiki/Bagas,_Gironde","/wiki/Baigneaux,_Gironde","/wiki/Balizac","/wiki/Barie","/wiki/Baron,_Gironde","/wiki/Le_Barp","/wiki/Barsac,_Gironde","/wiki/Bassanne","/wiki/Bassens,_Gironde","/wiki/Baurech","/wiki/Bayas","/wiki/Bayon-sur-Gironde","/wiki/Bazas","/wiki/Beautiran","/wiki/B%C3%A9gadan","/wiki/B%C3%A8gles","/wiki/B%C3%A9guey","/wiki/Belin-B%C3%A9liet","/wiki/Bellebat","/wiki/Bellefond,_Gironde","/wiki/Belv%C3%A8s-de-Castillon","/wiki/Bernos-Beaulac","/wiki/Berson,_Gironde","/wiki/Berthez","/wiki/Beychac-et-Caillau","/wiki/Bieujac","/wiki/Biganos","/wiki/Les_Billaux","/wiki/Birac,_Gironde","/wiki/Blaignac","/wiki/Blaignan","/wiki/Blanquefort,_Gironde","/wiki/Blasimon","/wiki/Blaye","/wiki/Bl%C3%A9signac","/wiki/Bommes","/wiki/Bonnetan","/wiki/Bonzac","/wiki/Bordeaux","/wiki/Bossugan","/wiki/Bouliac","/wiki/Bourdelles","/wiki/Bourg,_Gironde","/wiki/Bourideys","/wiki/Le_Bouscat","/wiki/Brach","/wiki/Branne,_Gironde","/wiki/Brannens","/wiki/Braud-et-Saint-Louis","/wiki/La_Br%C3%A8de","/wiki/Brouqueyran","/wiki/Bruges,_Gironde","/wiki/Budos","/wiki/Cabanac-et-Villagrains","/wiki/Cabara","/wiki/Cadarsac","/wiki/Cadaujac","/wiki/Cadillac,_Gironde","/wiki/Cadillac-en-Fronsadais","/wiki/Camarsac","/wiki/Cambes,_Gironde","/wiki/Camblanes-et-Meynac","/wiki/Camiac-et-Saint-Denis","/wiki/Camiran","/wiki/Camps-sur-l%27Isle","/wiki/Campugnan","/wiki/Can%C3%A9jan","/wiki/Cantenac","/wiki/Cantois","/wiki/Capian","/wiki/Caplong","/wiki/Captieux","/wiki/Carbon-Blanc","/wiki/Carcans","/wiki/Cardan,_Gironde","/wiki/Carignan-de-Bordeaux","/wiki/Cars,_Gironde","/wiki/Cartel%C3%A8gue","/wiki/Casseuil","/wiki/Castelmoron-d%27Albret","/wiki/Castelnau-de-M%C3%A9doc","/wiki/Castelviel","/wiki/Castets-en-Dorthe","/wiki/Castillon-de-Castets","/wiki/Castillon-la-Bataille","/wiki/Castres-Gironde","/wiki/Caudrot","/wiki/Caumont,_Gironde","/wiki/Cauvignac","/wiki/Cavignac","/wiki/Cazalis,_Gironde","/wiki/Cazats","/wiki/Cazaugitat","/wiki/C%C3%A9nac","/wiki/Cenon","/wiki/C%C3%A9rons","/wiki/Cessac","/wiki/Cestas","/wiki/C%C3%A9zac,_Gironde","/wiki/Chamadelle","/wiki/Cissac-M%C3%A9doc","/wiki/Civrac-de-Blaye","/wiki/Civrac-en-M%C3%A9doc","/wiki/Civrac-sur-Dordogne","/wiki/Cleyrac","/wiki/Coim%C3%A8res","/wiki/Coirac","/wiki/Comps,_Gironde","/wiki/Coubeyrac","/wiki/Couqu%C3%A8ques","/wiki/Courpiac","/wiki/Cours-de-Mons%C3%A9gur","/wiki/Cours-les-Bains","/wiki/Coutras","/wiki/Coutures,_Gironde","/wiki/Cr%C3%A9on","/wiki/Croignon","/wiki/Cubnezais","/wiki/Cubzac-les-Ponts","/wiki/Cudos,_Gironde","/wiki/Cursan","/wiki/Cussac-Fort-M%C3%A9doc","/wiki/Daignac","/wiki/Dardenac","/wiki/Daub%C3%A8ze","/wiki/Dieulivol","/wiki/Donnezac","/wiki/Donzac,_Gironde","/wiki/Doulezon","/wiki/Les_%C3%89glisottes-et-Chalaures","/wiki/Escaudes","/wiki/Escoussans","/wiki/Espiet","/wiki/Les_Esseintes","/wiki/%C3%89tauliers","/wiki/Eynesse","/wiki/Eyrans","/wiki/Eysines","/wiki/Faleyras","/wiki/Fargues,_Gironde","/wiki/Fargues-Saint-Hilaire","/wiki/Le_Fieu","/wiki/Flaujagues","/wiki/Floirac,_Gironde","/wiki/Floud%C3%A8s","/wiki/Fontet","/wiki/Foss%C3%A8s-et-Baleyssac","/wiki/Fours,_Gironde","/wiki/Francs,_Gironde","/wiki/Fronsac,_Gironde","/wiki/Frontenac,_Gironde","/wiki/Gabarnac","/wiki/Gaillan-en-M%C3%A9doc","/wiki/Gajac,_Gironde","/wiki/Galgon","/wiki/Gans,_Gironde","/wiki/Gardegan-et-Tourtirac","/wiki/Gauriac","/wiki/Gauriaguet","/wiki/G%C3%A9n%C3%A9rac,_Gironde","/wiki/G%C3%A9nissac","/wiki/Gensac,_Gironde","/wiki/Gironde-sur-Dropt","/wiki/Giscos","/wiki/Gornac","/wiki/Goualade","/wiki/Gours,_Gironde","/wiki/Gradignan","/wiki/Grayan-et-l%27H%C3%B4pital","/wiki/Gr%C3%A9zillac","/wiki/Grignols,_Gironde","/wiki/Guillac,_Gironde","/wiki/Guillos","/wiki/Gu%C3%AEtres","/wiki/Gujan-Mestras","/wiki/Le_Haillan","/wiki/Haux,_Gironde","/wiki/Hostens","/wiki/Hourtin","/wiki/Hure,_Gironde","/wiki/Illats","/wiki/Isle-Saint-Georges","/wiki/Izon","/wiki/Jau-Dignac-et-Loirac","/wiki/Jugazan","/wiki/Juillac,_Gironde","/wiki/Labarde","/wiki/Labescau","/wiki/Lacanau","/wiki/Ladaux","/wiki/Lados","/wiki/Lagorce,_Gironde","/wiki/Lalande-de-Pomerol","/wiki/Lamarque,_Gironde","/wiki/Lamothe-Landerron","/wiki/La_Lande-de-Fronsac","/wiki/Landerrouat","/wiki/Landerrouet-sur-S%C3%A9gur","/wiki/Landiras","/wiki/Langoiran","/wiki/Langon,_Gironde","/wiki/Lansac,_Gironde","/wiki/Lanton,_Gironde","/wiki/Lapouyade","/wiki/Laroque,_Gironde","/wiki/Lartigue,_Gironde","/wiki/Laruscade","/wiki/Latresne","/wiki/Lavazan","/wiki/L%C3%A8ge-Cap-Ferret","/wiki/L%C3%A9ogeats","/wiki/L%C3%A9ognan","/wiki/Lerm-et-Musset","/wiki/Lesparre-M%C3%A9doc","/wiki/Lestiac-sur-Garonne","/wiki/Les_L%C3%A8ves-et-Thoumeyragues","/wiki/Libourne","/wiki/Lignan-de-Bazas","/wiki/Lignan-de-Bordeaux","/wiki/Ligueux,_Gironde","/wiki/Listrac-de-Dur%C3%A8ze","/wiki/Listrac-M%C3%A9doc","/wiki/Lormont","/wiki/Loubens,_Gironde","/wiki/Louchats","/wiki/Loupes","/wiki/Loupiac,_Gironde","/wiki/Loupiac-de-la-R%C3%A9ole","/wiki/Lucmau","/wiki/Ludon-M%C3%A9doc","/wiki/Lugaignac","/wiki/Lugasson","/wiki/Lugon-et-l%27%C3%8Ele-du-Carnay","/wiki/Lugos","/wiki/Lussac,_Gironde","/wiki/Macau,_Gironde","/wiki/Madirac","/wiki/Maransin,_Gironde","/wiki/Marcenais","/wiki/Marcheprime","/wiki/Marcillac","/wiki/Margaux","/wiki/Margueron","/wiki/Marimbault","/wiki/Marions","/wiki/Marsas,_Gironde","/wiki/Martignas-sur-Jalle","/wiki/Martillac","/wiki/Martres","/wiki/Masseilles","/wiki/Massugas","/wiki/Mauriac,_Gironde","/wiki/Maz%C3%A8res,_Gironde","/wiki/Mazion","/wiki/M%C3%A9rignac,_Gironde","/wiki/M%C3%A9rignas","/wiki/Mesterrieux","/wiki/Mios","/wiki/Mombrier","/wiki/Mongauzy","/wiki/Monprimblanc","/wiki/Mons%C3%A9gur,_Gironde","/wiki/Montagne,_Gironde","/wiki/Montagoudin","/wiki/Montignac,_Gironde","/wiki/Montussan","/wiki/Moriz%C3%A8s","/wiki/Mouillac,_Gironde","/wiki/Mouliets-et-Villemartin","/wiki/Moulis-en-M%C3%A9doc","/wiki/Moulon,_Gironde","/wiki/Mourens","/wiki/Naujac-sur-Mer","/wiki/Naujan-et-Postiac","/wiki/N%C3%A9ac","/wiki/N%C3%A9rigean","/wiki/Neuffons","/wiki/Le_Nizan","/wiki/Noaillac","/wiki/Noaillan","/wiki/Omet","/wiki/Ordonnac","/wiki/Origne","/wiki/Paillet","/wiki/Parempuyre","/wiki/Pauillac","/wiki/Les_Peintures","/wiki/Pellegrue","/wiki/P%C3%A9rissac","/wiki/Pessac","/wiki/Pessac-sur-Dordogne","/wiki/Petit-Palais-et-Cornemps","/wiki/Peujard","/wiki/Le_Pian-M%C3%A9doc","/wiki/Le_Pian-sur-Garonne","/wiki/Pineuilh","/wiki/Plassac,_Gironde","/wiki/Pleine-Selve,_Gironde","/wiki/Podensac","/wiki/Pomerol","/wiki/Pomp%C3%A9jac","/wiki/Pompignac","/wiki/Pondaurat","/wiki/Porch%C3%A8res","/wiki/Le_Porge","/wiki/Portets","/wiki/Le_Pout","/wiki/Pr%C3%A9chac,_Gironde","/wiki/Preignac","/wiki/Prignac-en-M%C3%A9doc","/wiki/Prignac-et-Marcamps","/wiki/Pugnac","/wiki/Puisseguin","/wiki/Pujols,_Gironde","/wiki/Pujols-sur-Ciron","/wiki/Le_Puy,_Gironde","/wiki/Puybarban","/wiki/Puynormand","/wiki/Queyrac","/wiki/Quinsac,_Gironde","/wiki/Rauzan","/wiki/Reignac,_Gironde","/wiki/La_R%C3%A9ole","/wiki/Rimons","/wiki/Riocaud","/wiki/Rions","/wiki/La_Rivi%C3%A8re,_Gironde","/wiki/Roaillan","/wiki/Romagne,_Gironde","/wiki/Roquebrune,_Gironde","/wiki/La_Roquille","/wiki/Ruch,_Gironde","/wiki/Sablons,_Gironde","/wiki/Sadirac","/wiki/Saillans,_Gironde","/wiki/Saint-Aignan,_Gironde","/wiki/Saint-Andr%C3%A9-de-Cubzac","/wiki/Saint-Andr%C3%A9-du-Bois","/wiki/Saint-Andr%C3%A9-et-Appelles","/wiki/Saint-Androny","/wiki/Saint-Antoine,_Gironde","/wiki/Saint-Antoine-du-Queyret","/wiki/Saint-Antoine-sur-l%27Isle","/wiki/Saint-Aubin-de-Blaye","/wiki/Saint-Aubin-de-Branne","/wiki/Saint-Aubin-de-M%C3%A9doc","/wiki/Saint-Avit-de-Soul%C3%A8ge","/wiki/Saint-Avit-Saint-Nazaire","/wiki/Saint-Brice,_Gironde","/wiki/Saint-Caprais-de-Blaye","/wiki/Saint-Caprais-de-Bordeaux","/wiki/Saint-Christoly-de-Blaye","/wiki/Saint-Christoly-M%C3%A9doc","/wiki/Saint-Christophe-de-Double","/wiki/Saint-Christophe-des-Bardes","/wiki/Saint-Cibard","/wiki/Saint-Ciers-d%27Abzac","/wiki/Saint-Ciers-de-Canesse","/wiki/Saint-Ciers-sur-Gironde","/wiki/Saint-C%C3%B4me","/wiki/Saint-Denis-de-Pile","/wiki/Sainte-Colombe,_Gironde","/wiki/Sainte-Croix-du-Mont","/wiki/Sainte-Eulalie,_Gironde","/wiki/Sainte-Florence,_Gironde","/wiki/Sainte-Foy-la-Longue","/wiki/Sainte-Gemme,_Gironde","/wiki/Sainte-H%C3%A9l%C3%A8ne,_Gironde","/wiki/Saint-%C3%89milion","/wiki/Sainte-Radegonde,_Gironde","/wiki/Saint-Est%C3%A8phe","/wiki/Sainte-Terre","/wiki/Saint-%C3%89tienne-de-Lisse","/wiki/Saint-Exup%C3%A9ry,_Gironde","/wiki/Saint-F%C3%A9lix-de-Foncaude","/wiki/Saint-Ferme","/wiki/Saint-Gen%C3%A8s-de-Blaye","/wiki/Saint-Gen%C3%A8s-de-Castillon","/wiki/Saint-Gen%C3%A8s-de-Fronsac","/wiki/Saint-Gen%C3%A8s-de-Lombaud","/wiki/Saint-Genis-du-Bois","/wiki/Saint-Germain-de-Grave","/wiki/Saint-Germain-de-la-Rivi%C3%A8re","/wiki/Saint-Germain-d%27Esteuil","/wiki/Saint-Germain-du-Puch","/wiki/Saint-Gervais,_Gironde","/wiki/Saint-Girons-d%27Aiguevives","/wiki/Saint-Hilaire-de-la-Noaille","/wiki/Saint-Hilaire-du-Bois,_Gironde","/wiki/Saint-Hippolyte,_Gironde","/wiki/Saint-Jean-de-Blaignac","/wiki/Saint-Jean-d%27Illac","/wiki/Saint-Julien-Beychevelle","/wiki/Saint-Laurent-d%27Arce","/wiki/Saint-Laurent-des-Combes,_Gironde","/wiki/Saint-Laurent-du-Bois","/wiki/Saint-Laurent-du-Plan","/wiki/Saint-Laurent-M%C3%A9doc","/wiki/Saint-L%C3%A9ger-de-Balson","/wiki/Saint-L%C3%A9on,_Gironde","/wiki/Saint-Loubert","/wiki/Saint-Loub%C3%A8s","/wiki/Saint-Louis-de-Montferrand","/wiki/Saint-Macaire","/wiki/Saint-Magne","/wiki/Saint-Magne-de-Castillon","/wiki/Saint-Maixant,_Gironde","/wiki/Saint-Mariens","/wiki/Saint-Martial,_Gironde","/wiki/Saint-Martin-de-Laye","/wiki/Saint-Martin-de-Lerm","/wiki/Saint-Martin-de-Sescas","/wiki/Saint-Martin-du-Bois,_Gironde","/wiki/Saint-Martin-du-Puy,_Gironde","/wiki/Saint-Martin-Lacaussade","/wiki/Saint-M%C3%A9dard-de-Guizi%C3%A8res","/wiki/Saint-M%C3%A9dard-d%27Eyrans","/wiki/Saint-M%C3%A9dard-en-Jalles","/wiki/Saint-Michel-de-Castelnau","/wiki/Saint-Michel-de-Fronsac","/wiki/Saint-Michel-de-Lapujade","/wiki/Saint-Michel-de-Rieufret","/wiki/Saint-Morillon","/wiki/Saint-Palais,_Gironde","/wiki/Saint-Pardon-de-Conques","/wiki/Saint-Paul,_Gironde","/wiki/Saint-Pey-d%27Armens","/wiki/Saint-Pey-de-Castets","/wiki/Saint-Philippe-d%27Aiguille","/wiki/Saint-Philippe-du-Seignal","/wiki/Saint-Pierre-d%27Aurillac","/wiki/Saint-Pierre-de-Bat","/wiki/Saint-Pierre-de-Mons","/wiki/Saint-Quentin-de-Baron","/wiki/Saint-Quentin-de-Caplong","/wiki/Saint-Romain-la-Virv%C3%A9e","/wiki/Saint-Sauveur,_Gironde","/wiki/Saint-Sauveur-de-Puynormand","/wiki/Saint-Savin,_Gironde","/wiki/Saint-Selve","/wiki/Saint-Seurin-de-Bourg","/wiki/Saint-Seurin-de-Cadourne","/wiki/Saint-Seurin-de-Cursac","/wiki/Saint-Seurin-sur-l%27Isle","/wiki/Saint-S%C3%A8ve","/wiki/Saint-Sulpice-de-Faleyrens","/wiki/Saint-Sulpice-de-Guilleragues","/wiki/Saint-Sulpice-de-Pommiers","/wiki/Saint-Sulpice-et-Cameyrac","/wiki/Saint-Symphorien,_Gironde","/wiki/Saint-Trojan","/wiki/Saint-Vincent-de-Paul,_Gironde","/wiki/Saint-Vincent-de-Pertignas","/wiki/Saint-Vivien-de-Blaye","/wiki/Saint-Vivien-de-M%C3%A9doc","/wiki/Saint-Vivien-de-Mons%C3%A9gur","/wiki/Saint-Yzan-de-Soudiac","/wiki/Saint-Yzans-de-M%C3%A9doc","/wiki/Salaunes","/wiki/Salignac,_Gironde","/wiki/Salleb%C5%93uf","/wiki/Salles,_Gironde","/wiki/Les_Salles-de-Castillon","/wiki/Samonac","/wiki/Saucats","/wiki/Saugon","/wiki/Saumos","/wiki/Sauternes,_Gironde","/wiki/La_Sauve","/wiki/Sauveterre-de-Guyenne","/wiki/Sauviac,_Gironde","/wiki/Savignac,_Gironde","/wiki/Savignac-de-l%27Isle","/wiki/Semens","/wiki/Sendets,_Gironde","/wiki/Sigalens","/wiki/Sillas","/wiki/Soulac-sur-Mer","/wiki/Soulignac","/wiki/Soussac","/wiki/Soussans","/wiki/Tabanac","/wiki/Le_Taillan-M%C3%A9doc","/wiki/Taillecavat","/wiki/Talais","/wiki/Talence","/wiki/Targon","/wiki/Tarn%C3%A8s","/wiki/Tauriac,_Gironde","/wiki/Tayac","/wiki/Le_Teich","/wiki/Le_Temple,_Gironde","/wiki/La_Teste-de-Buch","/wiki/Teuillac","/wiki/Tizac-de-Curton","/wiki/Tizac-de-Lapouyade","/wiki/Toulenne","/wiki/Le_Tourne","/wiki/Tresses","/wiki/Le_Tuzan","/wiki/Uzeste","/wiki/Valeyrac","/wiki/Vayres,_Gironde","/wiki/Vendays-Montalivet","/wiki/Vensac","/wiki/V%C3%A9rac","/wiki/Verdelais","/wiki/Le_Verdon-sur-Mer","/wiki/Vertheuil","/wiki/Vignonet","/wiki/Villandraut","/wiki/Villegouge","/wiki/Villenave-de-Rions","/wiki/Villenave-d%27Ornon","/wiki/Villeneuve,_Gironde","/wiki/Virelade","/wiki/Virsac","/wiki/Yvrac","/wiki/File:Blason33.PNG","//upload.wikimedia.org/wikipedia/commons/thumb/9/9e/Blason33.PNG/27px-Blason33.PNG","/wiki/Wikipedia:Stub","//en.wikipedia.org/w/index.php?title=Sainte-Foy-la-Grande&action=edit","/wiki/Template:Gironde-geo-stub","/wiki/Template_talk:Gironde-geo-stub","//en.wikipedia.org/w/index.php?title=Template:Gironde-geo-stub&action=edit","//en.wikipedia.org/w/index.php?title=Special:CentralAutoLogin/start&type=1x1&from=enwiki","http://en.wikipedia.org/w/index.php?title=Sainte-Foy-la-Grande&oldid=549196442","/wiki/Help:Categories","/wiki/Category:Communes_of_Gironde","/wiki/Category:Gironde_geography_stubs","/wiki/Category:Commons_category_template_with_no_category_set","/wiki/Category:Commons_category_with_page_title_same_as_on_Wikidata","/w/index.php?title=Special:UserLogin&returnto=Sainte-Foy-la-Grande&type=signup","/w/index.php?title=Special:UserLogin&returnto=Sainte-Foy-la-Grande","/wiki/Sainte-Foy-la-Grande","/wiki/Talk:Sainte-Foy-la-Grande","#","/wiki/Sainte-Foy-la-Grande","/w/index.php?title=Sainte-Foy-la-Grande&action=edit","/w/index.php?title=Sainte-Foy-la-Grande&veaction=edit","/w/index.php?title=Sainte-Foy-la-Grande&action=history","#","/w/index.php","//bits.wikimedia.org/static-1.22wmf12/skins/vector/images/search-ltr.png?303-4","/wiki/Main_Page","/wiki/Main_Page","/wiki/Portal:Contents","/wiki/Portal:Featured_content","/wiki/Portal:Current_events","/wiki/Special:Random","https://donate.wikimedia.org/wiki/Special:FundraiserRedirector?utm_source=donate&utm_medium=sidebar&utm_campaign=C13_en.wikipedia.org&uselang=en","/wiki/Help:Contents","/wiki/Wikipedia:About","/wiki/Wikipedia:Community_portal","/wiki/Special:RecentChanges","//en.wikipedia.org/wiki/Wikipedia:Contact_us","/wiki/Special:WhatLinksHere/Sainte-Foy-la-Grande","/wiki/Special:RecentChangesLinked/Sainte-Foy-la-Grande","/wiki/Wikipedia:File_Upload_Wizard","/wiki/Special:SpecialPages","/w/index.php?title=Sainte-Foy-la-Grande&oldid=549196442","/w/index.php?title=Sainte-Foy-la-Grande&action=info","//www.wikidata.org/wiki/Q320233","/w/index.php?title=Special:Cite&page=Sainte-Foy-la-Grande&id=549196442","/w/index.php?title=Special:Book&bookcmd=book_creator&referer=Sainte-Foy-la-Grande","/w/index.php?title=Special:Book&bookcmd=render_article&arttitle=Sainte-Foy-la-Grande&oldid=549196442&writer=rl","/w/index.php?title=Sainte-Foy-la-Grande&printable=yes","//ca.wikipedia.org/wiki/Senta_Fe_la_Granda","//ceb.wikipedia.org/wiki/Sainte-Foy-la-Grande","//de.wikipedia.org/wiki/Sainte-Foy-la-Grande","//es.wikipedia.org/wiki/Sainte-Foy-la-Grande","//eu.wikipedia.org/wiki/Sainte-Foy-la-Grande","//fr.wikipedia.org/wiki/Sainte-Foy-la-Grande","//it.wikipedia.org/wiki/Sainte-Foy-la-Grande","//kk.wikipedia.org/wiki/%D0%A1%D0%B5%D0%BD%D1%82-%D0%A4%D1%83%D0%B0-%D0%BB%D0%B0-%D0%93%D1%80%D0%B0%D0%BD%D0%B4","//mg.wikipedia.org/wiki/Sainte-Foy-la-Grande","//ms.wikipedia.org/wiki/Sainte-Foy-la-Grande","//nl.wikipedia.org/wiki/Sainte-Foy-la-Grande","//ja.wikipedia.org/wiki/%E3%82%B5%E3%83%B3%E3%83%88%EF%BC%9D%E3%83%95%E3%82%A9%E3%82%A2%EF%BC%9D%E3%83%A9%EF%BC%9D%E3%82%B0%E3%83%A9%E3%83%B3%E3%83%89","//oc.wikipedia.org/wiki/Senta_Fe_la_Granda","//uz.wikipedia.org/wiki/Sainte-Foy-la-Grande","//pms.wikipedia.org/wiki/Sainte-Foy-la-Grande","//pl.wikipedia.org/wiki/Sainte-Foy-la-Grande","//pt.wikipedia.org/wiki/Sainte-Foy-la-Grande","//ro.wikipedia.org/wiki/Sainte-Foy-la-Grande","//ru.wikipedia.org/wiki/%D0%A1%D0%B5%D0%BD%D1%82-%D0%A4%D1%83%D0%B0-%D0%BB%D0%B0-%D0%93%D1%80%D0%B0%D0%BD%D0%B4","//simple.wikipedia.org/wiki/Sainte-Foy-la-Grande","//sk.wikipedia.org/wiki/Sainte-Foy-la-Grande","//sl.wikipedia.org/wiki/Sainte-Foy-la-Grande","//sv.wikipedia.org/wiki/Sainte-Foy-la-Grande","//bug.wikipedia.org/wiki/Sainte-Foy-la-Grande","//uk.wikipedia.org/wiki/%D0%A1%D0%B5%D0%BD%D1%82-%D0%A4%D1%83%D0%B0-%D0%BB%D0%B0-%D0%93%D1%80%D0%B0%D0%BD%D0%B4","//vi.wikipedia.org/wiki/Sainte-Foy-la-Grande","//vo.wikipedia.org/wiki/Sainte-Foy-la-Grande","//war.wikipedia.org/wiki/Sainte-Foy-la-Grande","//zh.wikipedia.org/wiki/%E5%A4%A7%E5%9C%A3%E5%AF%8C%E7%93%A6_(%E5%90%89%E4%BC%A6%E7%89%B9%E7%9C%81)","#","//www.wikidata.org/wiki/Q320233#sitelinks-wikipedia","//en.wikipedia.org/wiki/Wikipedia:Text_of_Creative_Commons_Attribution-ShareAlike_3.0_Unported_License","//creativecommons.org/licenses/by-sa/3.0/","//wikimediafoundation.org/wiki/Terms_of_Use","//wikimediafoundation.org/wiki/Privacy_policy","//www.wikimediafoundation.org/","//wikimediafoundation.org/wiki/Privacy_policy","/wiki/Wikipedia:About","/wiki/Wikipedia:General_disclaimer","//en.wikipedia.org/wiki/Wikipedia:Contact_us","//en.m.wikipedia.org/wiki/Sainte-Foy-la-Grande","//wikimediafoundation.org/","//bits.wikimedia.org/images/wikimedia-button.png","//www.mediawiki.org/","//bits.wikimedia.org/static-1.22wmf12/skins/common/images/poweredby_mediawiki_88x31.png","//bits.wikimedia.org/en.wikipedia.org/load.php?debug=false&lang=en&modules=site&only=scripts&skin=vector&*"],"instances":[],"pdf":[],"categories":["Communes of Gironde"],"headings":["Population","Notable natives and residents","See also","References"],"image":["//upload.wikimedia.org/wikipedia/commons/thumb/a/aa/Sainte-Foy4.jpg/187px-Sainte-Foy4.jpg","//upload.wikimedia.org/wikipedia/commons/thumb/3/3b/France_location_map-Regions_and_departements.svg/270px-France_location_map-Regions_and_departements.svg.png","//upload.wikimedia.org/wikipedia/en/thumb/0/0c/Red_pog.svg/6px-Red_pog.svg.png","//upload.wikimedia.org/wikipedia/commons/thumb/d/d8/442x556-Carte-R%C3%A9gion-Aquitaine-A2.jpg/270px-442x556-Carte-R%C3%A9gion-Aquitaine-A2.jpg","//upload.wikimedia.org/wikipedia/en/thumb/0/0c/Red_pog.svg/6px-Red_pog.svg.png","//upload.wikimedia.org/wikipedia/en/thumb/4/4a/Commons-logo.svg/30px-Commons-logo.svg.png","//upload.wikimedia.org/wikipedia/en/thumb/c/c3/Flag_of_France.svg/17px-Flag_of_France.svg.png","//upload.wikimedia.org/wikipedia/commons/thumb/9/9e/Blason33.PNG/27px-Blason33.PNG","//en.wikipedia.org/w/index.php?title=Special:CentralAutoLogin/start&type=1x1&from=enwiki","//bits.wikimedia.org/static-1.22wmf12/skins/vector/images/search-ltr.png?303-4","//bits.wikimedia.org/images/wikimedia-button.png","//bits.wikimedia.org/static-1.22wmf12/skins/common/images/poweredby_mediawiki_88x31.png"],"tags":[],"members":[],"related":["Communes_of_France","Gironde","Departments_of_France","Aquitaine","France","Paul_Broca","Surgery","Anthropologist","Élisée_Reclus","Geographer","Anarchist","Onésime_Reclus","Communes_of_the_Gironde_department"]}